{"v":"5.12.2","fr":60,"ip":0,"op":120,"w":48,"h":48,"nm":"No Data","ddd":0,"assets":[],"layers":[{"ddd":0,"ind":1,"ty":4,"nm":"Nodata-outline-bot_s1g1_s2g1_s3g1_s4g1_background Outlines","sr":1,"ks":{"o":{"a":0,"k":100,"ix":11},"r":{"a":1,"k":[{"i":{"x":[0.833],"y":[0.833]},"o":{"x":[0.167],"y":[0.167]},"t":0,"s":[0]},{"i":{"x":[0.833],"y":[0.833]},"o":{"x":[0.167],"y":[0.167]},"t":1,"s":[9]},{"i":{"x":[0.833],"y":[0.833]},"o":{"x":[0.167],"y":[0.167]},"t":2,"s":[18]},{"i":{"x":[0.833],"y":[0.833]},"o":{"x":[0.167],"y":[0.167]},"t":3,"s":[27]},{"i":{"x":[0.833],"y":[0.833]},"o":{"x":[0.167],"y":[0.167]},"t":4,"s":[36]},{"i":{"x":[0.833],"y":[0.833]},"o":{"x":[0.167],"y":[0.167]},"t":5,"s":[45]},{"i":{"x":[0.833],"y":[0.833]},"o":{"x":[0.167],"y":[0.167]},"t":6,"s":[54]},{"i":{"x":[0.833],"y":[0.833]},"o":{"x":[0.167],"y":[0.167]},"t":7,"s":[63]},{"i":{"x":[0.833],"y":[0.833]},"o":{"x":[0.167],"y":[0.167]},"t":8,"s":[72]},{"i":{"x":[0.833],"y":[0.833]},"o":{"x":[0.167],"y":[0.167]},"t":9,"s":[81]},{"i":{"x":[0.833],"y":[0.833]},"o":{"x":[0.167],"y":[0.167]},"t":10,"s":[90]},{"i":{"x":[0.833],"y":[0.833]},"o":{"x":[0.167],"y":[0.167]},"t":11,"s":[99]},{"i":{"x":[0.833],"y":[0.833]},"o":{"x":[0.167],"y":[0.167]},"t":12,"s":[108]},{"i":{"x":[0.833],"y":[0.833]},"o":{"x":[0.167],"y":[0.167]},"t":13,"s":[117]},{"i":{"x":[0.833],"y":[0.833]},"o":{"x":[0.167],"y":[0.167]},"t":14,"s":[126]},{"i":{"x":[0.833],"y":[0.833]},"o":{"x":[0.167],"y":[0.167]},"t":15,"s":[135]},{"i":{"x":[0.833],"y":[0.833]},"o":{"x":[0.167],"y":[0.167]},"t":16,"s":[144]},{"i":{"x":[0.833],"y":[0.833]},"o":{"x":[0.167],"y":[0.167]},"t":17,"s":[153]},{"i":{"x":[0.833],"y":[0.833]},"o":{"x":[0.167],"y":[0.167]},"t":18,"s":[162]},{"i":{"x":[0.833],"y":[0.802]},"o":{"x":[0.167],"y":[0.167]},"t":19,"s":[171]},{"i":{"x":[0.833],"y":[0.867]},"o":{"x":[0.167],"y":[0.144]},"t":20,"s":[180]},{"i":{"x":[0.833],"y":[0.903]},"o":{"x":[0.167],"y":[0.224]},"t":21,"s":[192.421]},{"i":{"x":[0.833],"y":[1.205]},"o":{"x":[0.167],"y":[0.581]},"t":22,"s":[199.793]},{"i":{"x":[0.833],"y":[0.763]},"o":{"x":[0.167],"y":[0.059]},"t":23,"s":[201.028]},{"i":{"x":[0.833],"y":[0.822]},"o":{"x":[0.167],"y":[0.129]},"t":24,"s":[196.754]},{"i":{"x":[0.833],"y":[0.846]},"o":{"x":[0.167],"y":[0.157]},"t":25,"s":[188.9]},{"i":{"x":[0.833],"y":[0.867]},"o":{"x":[0.167],"y":[0.182]},"t":26,"s":[180]},{"i":{"x":[0.833],"y":[0.903]},"o":{"x":[0.167],"y":[0.224]},"t":27,"s":[172.467]},{"i":{"x":[0.833],"y":[1.205]},"o":{"x":[0.167],"y":[0.581]},"t":28,"s":[167.995]},{"i":{"x":[0.833],"y":[0.763]},"o":{"x":[0.167],"y":[0.059]},"t":29,"s":[167.246]},{"i":{"x":[0.833],"y":[0.822]},"o":{"x":[0.167],"y":[0.129]},"t":30,"s":[169.838]},{"i":{"x":[0.833],"y":[0.846]},"o":{"x":[0.167],"y":[0.157]},"t":31,"s":[174.602]},{"i":{"x":[0.833],"y":[0.867]},"o":{"x":[0.167],"y":[0.182]},"t":32,"s":[180]},{"i":{"x":[0.833],"y":[0.903]},"o":{"x":[0.167],"y":[0.224]},"t":33,"s":[184.569]},{"i":{"x":[0.833],"y":[1.205]},"o":{"x":[0.167],"y":[0.581]},"t":34,"s":[187.281]},{"i":{"x":[0.833],"y":[0.763]},"o":{"x":[0.167],"y":[0.059]},"t":35,"s":[187.736]},{"i":{"x":[0.833],"y":[0.822]},"o":{"x":[0.167],"y":[0.129]},"t":36,"s":[186.164]},{"i":{"x":[0.833],"y":[0.846]},"o":{"x":[0.167],"y":[0.157]},"t":37,"s":[183.274]},{"i":{"x":[0.833],"y":[0.867]},"o":{"x":[0.167],"y":[0.182]},"t":38,"s":[180]},{"i":{"x":[0.833],"y":[0.903]},"o":{"x":[0.167],"y":[0.224]},"t":39,"s":[177.229]},{"i":{"x":[0.833],"y":[1.205]},"o":{"x":[0.167],"y":[0.581]},"t":40,"s":[175.584]},{"i":{"x":[0.833],"y":[0.763]},"o":{"x":[0.167],"y":[0.059]},"t":41,"s":[175.308]},{"i":{"x":[0.833],"y":[0.822]},"o":{"x":[0.167],"y":[0.129]},"t":42,"s":[176.262]},{"i":{"x":[0.833],"y":[0.846]},"o":{"x":[0.167],"y":[0.157]},"t":43,"s":[178.014]},{"i":{"x":[0.833],"y":[0.867]},"o":{"x":[0.167],"y":[0.182]},"t":44,"s":[180]},{"i":{"x":[0.833],"y":[0.903]},"o":{"x":[0.167],"y":[0.224]},"t":45,"s":[181.681]},{"i":{"x":[0.833],"y":[1.205]},"o":{"x":[0.167],"y":[0.581]},"t":46,"s":[182.679]},{"i":{"x":[0.833],"y":[0.763]},"o":{"x":[0.167],"y":[0.059]},"t":47,"s":[182.846]},{"i":{"x":[0.833],"y":[0.822]},"o":{"x":[0.167],"y":[0.129]},"t":48,"s":[182.267]},{"i":{"x":[0.833],"y":[0.846]},"o":{"x":[0.167],"y":[0.157]},"t":49,"s":[181.204]},{"i":{"x":[0.833],"y":[0.867]},"o":{"x":[0.167],"y":[0.182]},"t":50,"s":[180]},{"i":{"x":[0.833],"y":[0.903]},"o":{"x":[0.167],"y":[0.224]},"t":51,"s":[178.98]},{"i":{"x":[0.833],"y":[1.205]},"o":{"x":[0.167],"y":[0.581]},"t":52,"s":[178.375]},{"i":{"x":[0.833],"y":[0.763]},"o":{"x":[0.167],"y":[0.059]},"t":53,"s":[178.274]},{"i":{"x":[0.833],"y":[0.822]},"o":{"x":[0.167],"y":[0.129]},"t":54,"s":[178.625]},{"i":{"x":[0.833],"y":[0.846]},"o":{"x":[0.167],"y":[0.157]},"t":55,"s":[179.269]},{"i":{"x":[0.833],"y":[0.867]},"o":{"x":[0.167],"y":[0.182]},"t":56,"s":[180]},{"i":{"x":[0.833],"y":[0.903]},"o":{"x":[0.167],"y":[0.224]},"t":57,"s":[180.618]},{"i":{"x":[0.833],"y":[1.205]},"o":{"x":[0.167],"y":[0.581]},"t":58,"s":[180.985]},{"i":{"x":[0.833],"y":[0.763]},"o":{"x":[0.167],"y":[0.059]},"t":59,"s":[181.047]},{"i":{"x":[0.833],"y":[0.822]},"o":{"x":[0.167],"y":[0.129]},"t":60,"s":[180.834]},{"i":{"x":[0.833],"y":[0.846]},"o":{"x":[0.167],"y":[0.157]},"t":61,"s":[180.443]},{"i":{"x":[0.833],"y":[0.867]},"o":{"x":[0.167],"y":[0.182]},"t":62,"s":[180]},{"i":{"x":[0.833],"y":[0.903]},"o":{"x":[0.167],"y":[0.224]},"t":63,"s":[179.625]},{"i":{"x":[0.833],"y":[1.205]},"o":{"x":[0.167],"y":[0.581]},"t":64,"s":[179.402]},{"i":{"x":[0.833],"y":[0.763]},"o":{"x":[0.167],"y":[0.059]},"t":65,"s":[179.365]},{"i":{"x":[0.833],"y":[0.822]},"o":{"x":[0.167],"y":[0.129]},"t":66,"s":[179.494]},{"i":{"x":[0.833],"y":[0.846]},"o":{"x":[0.167],"y":[0.157]},"t":67,"s":[179.731]},{"i":{"x":[0.833],"y":[0.867]},"o":{"x":[0.167],"y":[0.182]},"t":68,"s":[180]},{"i":{"x":[0.833],"y":[0.903]},"o":{"x":[0.167],"y":[0.224]},"t":69,"s":[180.227]},{"i":{"x":[0.833],"y":[1.205]},"o":{"x":[0.167],"y":[0.581]},"t":70,"s":[180.363]},{"i":{"x":[0.833],"y":[0.763]},"o":{"x":[0.167],"y":[0.059]},"t":71,"s":[180.385]},{"i":{"x":[0.833],"y":[0.822]},"o":{"x":[0.167],"y":[0.129]},"t":72,"s":[180.307]},{"i":{"x":[0.833],"y":[0.846]},"o":{"x":[0.167],"y":[0.157]},"t":73,"s":[180.163]},{"i":{"x":[0.833],"y":[0.867]},"o":{"x":[0.167],"y":[0.182]},"t":74,"s":[180]},{"i":{"x":[0.833],"y":[0.903]},"o":{"x":[0.167],"y":[0.224]},"t":75,"s":[179.862]},{"i":{"x":[0.833],"y":[1.205]},"o":{"x":[0.167],"y":[0.581]},"t":76,"s":[179.78]},{"i":{"x":[0.833],"y":[0.763]},"o":{"x":[0.167],"y":[0.059]},"t":77,"s":[179.766]},{"i":{"x":[0.833],"y":[0.822]},"o":{"x":[0.167],"y":[0.129]},"t":78,"s":[179.814]},{"i":{"x":[0.833],"y":[0.917]},"o":{"x":[0.167],"y":[0.157]},"t":79,"s":[179.901]},{"i":{"x":[0.833],"y":[1]},"o":{"x":[0.167],"y":[0.008]},"t":80,"s":[180]},{"i":{"x":[0.833],"y":[1]},"o":{"x":[0.167],"y":[0]},"t":81,"s":[180]},{"i":{"x":[0.833],"y":[1]},"o":{"x":[0.167],"y":[0]},"t":82,"s":[180]},{"i":{"x":[0.833],"y":[1]},"o":{"x":[0.167],"y":[0]},"t":83,"s":[180]},{"i":{"x":[0.833],"y":[1]},"o":{"x":[0.167],"y":[0]},"t":84,"s":[180]},{"i":{"x":[0.833],"y":[1]},"o":{"x":[0.167],"y":[0]},"t":85,"s":[180]},{"i":{"x":[0.833],"y":[1]},"o":{"x":[0.167],"y":[0]},"t":86,"s":[180]},{"i":{"x":[0.833],"y":[1]},"o":{"x":[0.167],"y":[0]},"t":87,"s":[180]},{"i":{"x":[0.833],"y":[1]},"o":{"x":[0.167],"y":[0]},"t":88,"s":[180]},{"i":{"x":[0.833],"y":[1]},"o":{"x":[0.167],"y":[0]},"t":89,"s":[180]},{"i":{"x":[0.833],"y":[1]},"o":{"x":[0.167],"y":[0]},"t":90,"s":[180]},{"i":{"x":[0.833],"y":[1]},"o":{"x":[0.167],"y":[0]},"t":91,"s":[180]},{"i":{"x":[0.833],"y":[1]},"o":{"x":[0.167],"y":[0]},"t":92,"s":[180]},{"i":{"x":[0.833],"y":[1]},"o":{"x":[0.167],"y":[0]},"t":93,"s":[180]},{"i":{"x":[0.833],"y":[1]},"o":{"x":[0.167],"y":[0]},"t":94,"s":[180]},{"i":{"x":[0.833],"y":[1]},"o":{"x":[0.167],"y":[0]},"t":95,"s":[180]},{"i":{"x":[0.833],"y":[1]},"o":{"x":[0.167],"y":[0]},"t":96,"s":[180]},{"i":{"x":[0.833],"y":[1]},"o":{"x":[0.167],"y":[0]},"t":97,"s":[180]},{"i":{"x":[0.833],"y":[1]},"o":{"x":[0.167],"y":[0]},"t":98,"s":[180]},{"i":{"x":[0.833],"y":[1]},"o":{"x":[0.167],"y":[0]},"t":99,"s":[180]},{"i":{"x":[0.833],"y":[1]},"o":{"x":[0.167],"y":[0]},"t":100,"s":[180]},{"i":{"x":[0.833],"y":[1]},"o":{"x":[0.167],"y":[0]},"t":101,"s":[180]},{"i":{"x":[0.833],"y":[1]},"o":{"x":[0.167],"y":[0]},"t":102,"s":[180]},{"i":{"x":[0.833],"y":[1]},"o":{"x":[0.167],"y":[0]},"t":103,"s":[180]},{"i":{"x":[0.833],"y":[1]},"o":{"x":[0.167],"y":[0]},"t":104,"s":[180]},{"i":{"x":[0.833],"y":[1]},"o":{"x":[0.167],"y":[0]},"t":105,"s":[180]},{"i":{"x":[0.833],"y":[1]},"o":{"x":[0.167],"y":[0]},"t":106,"s":[180]},{"i":{"x":[0.833],"y":[1]},"o":{"x":[0.167],"y":[0]},"t":107,"s":[180]},{"i":{"x":[0.833],"y":[1]},"o":{"x":[0.167],"y":[0]},"t":108,"s":[180]},{"i":{"x":[0.833],"y":[1]},"o":{"x":[0.167],"y":[0]},"t":109,"s":[180]},{"i":{"x":[0.833],"y":[1]},"o":{"x":[0.167],"y":[0]},"t":110,"s":[180]},{"i":{"x":[0.833],"y":[1]},"o":{"x":[0.167],"y":[0]},"t":111,"s":[180]},{"i":{"x":[0.833],"y":[1]},"o":{"x":[0.167],"y":[0]},"t":112,"s":[180]},{"i":{"x":[0.833],"y":[1]},"o":{"x":[0.167],"y":[0]},"t":113,"s":[180]},{"i":{"x":[0.833],"y":[1]},"o":{"x":[0.167],"y":[0]},"t":114,"s":[180]},{"i":{"x":[0.833],"y":[1]},"o":{"x":[0.167],"y":[0]},"t":115,"s":[180]},{"i":{"x":[0.833],"y":[1]},"o":{"x":[0.167],"y":[0]},"t":116,"s":[180]},{"i":{"x":[0.833],"y":[1]},"o":{"x":[0.167],"y":[0]},"t":117,"s":[180]},{"i":{"x":[0.833],"y":[1]},"o":{"x":[0.167],"y":[0]},"t":118,"s":[180]},{"t":119,"s":[180]}],"ix":10},"p":{"a":0,"k":[32.175,24.197,0],"ix":2,"l":2},"a":{"a":0,"k":[32.175,24.197,0],"ix":1,"l":2},"s":{"a":1,"k":[{"i":{"x":[0.833,0.833,0.833],"y":[1,1,1]},"o":{"x":[0.167,0.167,0.167],"y":[0,0,0]},"t":0,"s":[100,100,100]},{"i":{"x":[0.833,0.833,0.833],"y":[1,1,1]},"o":{"x":[0.167,0.167,0.167],"y":[0,0,0]},"t":1,"s":[100,100,100]},{"i":{"x":[0.833,0.833,0.833],"y":[1,1,1]},"o":{"x":[0.167,0.167,0.167],"y":[0,0,0]},"t":2,"s":[100,100,100]},{"i":{"x":[0.833,0.833,0.833],"y":[1,1,1]},"o":{"x":[0.167,0.167,0.167],"y":[0,0,0]},"t":3,"s":[100,100,100]},{"i":{"x":[0.833,0.833,0.833],"y":[1,1,1]},"o":{"x":[0.167,0.167,0.167],"y":[0,0,0]},"t":4,"s":[100,100,100]},{"i":{"x":[0.833,0.833,0.833],"y":[1,1,1]},"o":{"x":[0.167,0.167,0.167],"y":[0,0,0]},"t":5,"s":[100,100,100]},{"i":{"x":[0.833,0.833,0.833],"y":[1,1,1]},"o":{"x":[0.167,0.167,0.167],"y":[0,0,0]},"t":6,"s":[100,100,100]},{"i":{"x":[0.833,0.833,0.833],"y":[1,1,1]},"o":{"x":[0.167,0.167,0.167],"y":[0,0,0]},"t":7,"s":[100,100,100]},{"i":{"x":[0.833,0.833,0.833],"y":[1,1,1]},"o":{"x":[0.167,0.167,0.167],"y":[0,0,0]},"t":8,"s":[100,100,100]},{"i":{"x":[0.833,0.833,0.833],"y":[1,1,1]},"o":{"x":[0.167,0.167,0.167],"y":[0,0,0]},"t":9,"s":[100,100,100]},{"i":{"x":[0.833,0.833,0.833],"y":[1,1,1]},"o":{"x":[0.167,0.167,0.167],"y":[0,0,0]},"t":10,"s":[100,100,100]},{"i":{"x":[0.833,0.833,0.833],"y":[1,1,1]},"o":{"x":[0.167,0.167,0.167],"y":[0,0,0]},"t":11,"s":[100,100,100]},{"i":{"x":[0.833,0.833,0.833],"y":[1,1,1]},"o":{"x":[0.167,0.167,0.167],"y":[0,0,0]},"t":12,"s":[100,100,100]},{"i":{"x":[0.833,0.833,0.833],"y":[1,1,1]},"o":{"x":[0.167,0.167,0.167],"y":[0,0,0]},"t":13,"s":[100,100,100]},{"i":{"x":[0.833,0.833,0.833],"y":[1,1,1]},"o":{"x":[0.167,0.167,0.167],"y":[0,0,0]},"t":14,"s":[100,100,100]},{"i":{"x":[0.833,0.833,0.833],"y":[1,1,1]},"o":{"x":[0.167,0.167,0.167],"y":[0,0,0]},"t":15,"s":[100,100,100]},{"i":{"x":[0.833,0.833,0.833],"y":[1,1,1]},"o":{"x":[0.167,0.167,0.167],"y":[0,0,0]},"t":16,"s":[100,100,100]},{"i":{"x":[0.833,0.833,0.833],"y":[1,1,1]},"o":{"x":[0.167,0.167,0.167],"y":[0,0,0]},"t":17,"s":[100,100,100]},{"i":{"x":[0.833,0.833,0.833],"y":[1,1,1]},"o":{"x":[0.167,0.167,0.167],"y":[0,0,0]},"t":18,"s":[100,100,100]},{"i":{"x":[0.833,0.833,0.833],"y":[1,1,1]},"o":{"x":[0.167,0.167,0.167],"y":[0,0,0]},"t":19,"s":[100,100,100]},{"i":{"x":[0.833,0.833,0.833],"y":[1,1,1]},"o":{"x":[0.167,0.167,0.167],"y":[0,0,0]},"t":20,"s":[100,100,100]},{"i":{"x":[0.833,0.833,0.833],"y":[1,1,1]},"o":{"x":[0.167,0.167,0.167],"y":[0,0,0]},"t":21,"s":[100,100,100]},{"i":{"x":[0.833,0.833,0.833],"y":[1,1,1]},"o":{"x":[0.167,0.167,0.167],"y":[0,0,0]},"t":22,"s":[100,100,100]},{"i":{"x":[0.833,0.833,0.833],"y":[1,1,1]},"o":{"x":[0.167,0.167,0.167],"y":[0,0,0]},"t":23,"s":[100,100,100]},{"i":{"x":[0.833,0.833,0.833],"y":[1,1,1]},"o":{"x":[0.167,0.167,0.167],"y":[0,0,0]},"t":24,"s":[100,100,100]},{"i":{"x":[0.833,0.833,0.833],"y":[1,1,1]},"o":{"x":[0.167,0.167,0.167],"y":[0,0,0]},"t":25,"s":[100,100,100]},{"i":{"x":[0.833,0.833,0.833],"y":[1,1,1]},"o":{"x":[0.167,0.167,0.167],"y":[0,0,0]},"t":26,"s":[100,100,100]},{"i":{"x":[0.833,0.833,0.833],"y":[1,1,1]},"o":{"x":[0.167,0.167,0.167],"y":[0,0,0]},"t":27,"s":[100,100,100]},{"i":{"x":[0.833,0.833,0.833],"y":[1,1,1]},"o":{"x":[0.167,0.167,0.167],"y":[0,0,0]},"t":28,"s":[100,100,100]},{"i":{"x":[0.833,0.833,0.833],"y":[1,1,1]},"o":{"x":[0.167,0.167,0.167],"y":[0,0,0]},"t":29,"s":[100,100,100]},{"i":{"x":[0.833,0.833,0.833],"y":[1,1,1]},"o":{"x":[0.167,0.167,0.167],"y":[0,0,0]},"t":30,"s":[100,100,100]},{"i":{"x":[0.833,0.833,0.833],"y":[1,1,1]},"o":{"x":[0.167,0.167,0.167],"y":[0,0,0]},"t":31,"s":[100,100,100]},{"i":{"x":[0.833,0.833,0.833],"y":[1,1,1]},"o":{"x":[0.167,0.167,0.167],"y":[0,0,0]},"t":32,"s":[100,100,100]},{"i":{"x":[0.833,0.833,0.833],"y":[1,1,1]},"o":{"x":[0.167,0.167,0.167],"y":[0,0,0]},"t":33,"s":[100,100,100]},{"i":{"x":[0.833,0.833,0.833],"y":[1,1,1]},"o":{"x":[0.167,0.167,0.167],"y":[0,0,0]},"t":34,"s":[100,100,100]},{"i":{"x":[0.833,0.833,0.833],"y":[1,1,1]},"o":{"x":[0.167,0.167,0.167],"y":[0,0,0]},"t":35,"s":[100,100,100]},{"i":{"x":[0.833,0.833,0.833],"y":[1,1,1]},"o":{"x":[0.167,0.167,0.167],"y":[0,0,0]},"t":36,"s":[100,100,100]},{"i":{"x":[0.833,0.833,0.833],"y":[1,1,1]},"o":{"x":[0.167,0.167,0.167],"y":[0,0,0]},"t":37,"s":[100,100,100]},{"i":{"x":[0.833,0.833,0.833],"y":[1,1,1]},"o":{"x":[0.167,0.167,0.167],"y":[0,0,0]},"t":38,"s":[100,100,100]},{"i":{"x":[0.833,0.833,0.833],"y":[1,1,1]},"o":{"x":[0.167,0.167,0.167],"y":[0,0,0]},"t":39,"s":[100,100,100]},{"i":{"x":[0.833,0.833,0.833],"y":[1,1,1]},"o":{"x":[0.167,0.167,0.167],"y":[0,0,0]},"t":40,"s":[100,100,100]},{"i":{"x":[0.833,0.833,0.833],"y":[1,1,1]},"o":{"x":[0.167,0.167,0.167],"y":[0,0,0]},"t":41,"s":[100,100,100]},{"i":{"x":[0.833,0.833,0.833],"y":[1,1,1]},"o":{"x":[0.167,0.167,0.167],"y":[0,0,0]},"t":42,"s":[100,100,100]},{"i":{"x":[0.833,0.833,0.833],"y":[1,1,1]},"o":{"x":[0.167,0.167,0.167],"y":[0,0,0]},"t":43,"s":[100,100,100]},{"i":{"x":[0.833,0.833,0.833],"y":[1,1,1]},"o":{"x":[0.167,0.167,0.167],"y":[0,0,0]},"t":44,"s":[100,100,100]},{"i":{"x":[0.833,0.833,0.833],"y":[1,1,1]},"o":{"x":[0.167,0.167,0.167],"y":[0,0,0]},"t":45,"s":[100,100,100]},{"i":{"x":[0.833,0.833,0.833],"y":[1,1,1]},"o":{"x":[0.167,0.167,0.167],"y":[0,0,0]},"t":46,"s":[100,100,100]},{"i":{"x":[0.833,0.833,0.833],"y":[1,1,1]},"o":{"x":[0.167,0.167,0.167],"y":[0,0,0]},"t":47,"s":[100,100,100]},{"i":{"x":[0.833,0.833,0.833],"y":[1,1,1]},"o":{"x":[0.167,0.167,0.167],"y":[0,0,0]},"t":48,"s":[100,100,100]},{"i":{"x":[0.833,0.833,0.833],"y":[0.849,0.849,1]},"o":{"x":[0.167,0.167,0.167],"y":[0,0,0]},"t":49,"s":[100,100,100]},{"i":{"x":[0.833,0.833,0.833],"y":[0.75,0.75,1]},"o":{"x":[0.167,0.167,0.167],"y":[0.083,0.083,0]},"t":50,"s":[100,100,100]},{"i":{"x":[0.833,0.833,0.833],"y":[0.833,0.833,1]},"o":{"x":[0.167,0.167,0.167],"y":[0.125,0.125,0]},"t":51,"s":[101.808,101.808,100]},{"i":{"x":[0.833,0.833,0.833],"y":[0.833,0.833,1]},"o":{"x":[0.167,0.167,0.167],"y":[0.167,0.167,0]},"t":52,"s":[105.423,105.423,100]},{"i":{"x":[0.833,0.833,0.833],"y":[0.833,0.833,1]},"o":{"x":[0.167,0.167,0.167],"y":[0.167,0.167,0]},"t":53,"s":[109.039,109.039,100]},{"i":{"x":[0.833,0.833,0.833],"y":[0.833,0.833,1]},"o":{"x":[0.167,0.167,0.167],"y":[0.167,0.167,0]},"t":54,"s":[112.654,112.654,100]},{"i":{"x":[0.833,0.833,0.833],"y":[0.833,0.833,1]},"o":{"x":[0.167,0.167,0.167],"y":[0.167,0.167,0]},"t":55,"s":[116.27,116.27,100]},{"i":{"x":[0.833,0.833,0.833],"y":[0.833,0.833,1]},"o":{"x":[0.167,0.167,0.167],"y":[0.167,0.167,0]},"t":56,"s":[119.885,119.885,100]},{"i":{"x":[0.833,0.833,0.833],"y":[0.833,0.833,1]},"o":{"x":[0.167,0.167,0.167],"y":[0.167,0.167,0]},"t":57,"s":[123.5,123.5,100]},{"i":{"x":[0.833,0.833,0.833],"y":[0.833,0.833,1]},"o":{"x":[0.167,0.167,0.167],"y":[0.167,0.167,0]},"t":58,"s":[127.116,127.116,100]},{"i":{"x":[0.833,0.833,0.833],"y":[0.833,0.833,1]},"o":{"x":[0.167,0.167,0.167],"y":[0.167,0.167,0]},"t":59,"s":[130.731,130.731,100]},{"i":{"x":[0.833,0.833,0.833],"y":[0.889,0.889,1]},"o":{"x":[0.167,0.167,0.167],"y":[0.167,0.167,0]},"t":60,"s":[134.347,134.347,100]},{"i":{"x":[0.833,0.833,0.833],"y":[0.958,0.958,1]},"o":{"x":[0.167,0.167,0.167],"y":[0.336,0.336,0]},"t":61,"s":[137.962,137.962,100]},{"i":{"x":[0.833,0.833,0.833],"y":[0.641,0.641,1]},"o":{"x":[0.167,0.167,0.167],"y":[-0.083,-0.083,0]},"t":62,"s":[139.153,139.153,100]},{"i":{"x":[0.833,0.833,0.833],"y":[0.788,0.788,1]},"o":{"x":[0.167,0.167,0.167],"y":[0.109,0.109,0]},"t":63,"s":[138.558,138.558,100]},{"i":{"x":[0.833,0.833,0.833],"y":[0.81,0.81,1]},"o":{"x":[0.167,0.167,0.167],"y":[0.137,0.137,0]},"t":64,"s":[136.59,136.59,100]},{"i":{"x":[0.833,0.833,0.833],"y":[0.82,0.82,1]},"o":{"x":[0.167,0.167,0.167],"y":[0.149,0.149,0]},"t":65,"s":[133.545,133.545,100]},{"i":{"x":[0.833,0.833,0.833],"y":[0.825,0.825,1]},"o":{"x":[0.167,0.167,0.167],"y":[0.155,0.155,0]},"t":66,"s":[129.66,129.66,100]},{"i":{"x":[0.833,0.833,0.833],"y":[0.828,0.828,1]},"o":{"x":[0.167,0.167,0.167],"y":[0.159,0.159,0]},"t":67,"s":[125.132,125.132,100]},{"i":{"x":[0.833,0.833,0.833],"y":[0.831,0.831,1]},"o":{"x":[0.167,0.167,0.167],"y":[0.162,0.162,0]},"t":68,"s":[120.134,120.134,100]},{"i":{"x":[0.833,0.833,0.833],"y":[0.836,0.836,1]},"o":{"x":[0.167,0.167,0.167],"y":[0.165,0.165,0]},"t":69,"s":[114.829,114.829,100]},{"i":{"x":[0.833,0.833,0.833],"y":[0.833,0.833,1]},"o":{"x":[0.167,0.167,0.167],"y":[0.169,0.169,0]},"t":70,"s":[109.399,109.399,100]},{"i":{"x":[0.833,0.833,0.833],"y":[0.889,0.889,1]},"o":{"x":[0.167,0.167,0.167],"y":[0.167,0.167,0]},"t":71,"s":[104.139,104.139,100]},{"i":{"x":[0.833,0.833,0.833],"y":[0.863,0.863,1]},"o":{"x":[0.167,0.167,0.167],"y":[0.337,0.337,0]},"t":72,"s":[98.879,98.879,100]},{"i":{"x":[0.833,0.833,0.833],"y":[0.872,0.872,1]},"o":{"x":[0.167,0.167,0.167],"y":[0.212,0.212,0]},"t":73,"s":[97.147,97.147,100]},{"i":{"x":[0.833,0.833,0.833],"y":[0.891,0.891,1]},"o":{"x":[0.167,0.167,0.167],"y":[0.238,0.238,0]},"t":74,"s":[96.027,96.027,100]},{"i":{"x":[0.833,0.833,0.833],"y":[0.977,0.977,1]},"o":{"x":[0.167,0.167,0.167],"y":[0.354,0.354,0]},"t":75,"s":[95.424,95.424,100]},{"i":{"x":[0.833,0.833,0.833],"y":[0.69,0.69,1]},"o":{"x":[0.167,0.167,0.167],"y":[-0.033,-0.033,0]},"t":76,"s":[95.238,95.238,100]},{"i":{"x":[0.833,0.833,0.833],"y":[0.799,0.799,1]},"o":{"x":[0.167,0.167,0.167],"y":[0.114,0.114,0]},"t":77,"s":[95.372,95.372,100]},{"i":{"x":[0.833,0.833,0.833],"y":[0.82,0.82,1]},"o":{"x":[0.167,0.167,0.167],"y":[0.142,0.142,0]},"t":78,"s":[95.735,95.735,100]},{"i":{"x":[0.833,0.833,0.833],"y":[0.83,0.83,1]},"o":{"x":[0.167,0.167,0.167],"y":[0.155,0.155,0]},"t":79,"s":[96.247,96.247,100]},{"i":{"x":[0.833,0.833,0.833],"y":[0.835,0.835,1]},"o":{"x":[0.167,0.167,0.167],"y":[0.163,0.163,0]},"t":80,"s":[96.84,96.84,100]},{"i":{"x":[0.833,0.833,0.833],"y":[0.84,0.84,1]},"o":{"x":[0.167,0.167,0.167],"y":[0.169,0.169,0]},"t":81,"s":[97.46,97.46,100]},{"i":{"x":[0.833,0.833,0.833],"y":[0.843,0.843,1]},"o":{"x":[0.167,0.167,0.167],"y":[0.174,0.174,0]},"t":82,"s":[98.064,98.064,100]},{"i":{"x":[0.833,0.833,0.833],"y":[0.846,0.846,1]},"o":{"x":[0.167,0.167,0.167],"y":[0.178,0.178,0]},"t":83,"s":[98.622,98.622,100]},{"i":{"x":[0.833,0.833,0.833],"y":[0.85,0.85,1]},"o":{"x":[0.167,0.167,0.167],"y":[0.182,0.182,0]},"t":84,"s":[99.114,99.114,100]},{"i":{"x":[0.833,0.833,0.833],"y":[0.853,0.853,1]},"o":{"x":[0.167,0.167,0.167],"y":[0.187,0.187,0]},"t":85,"s":[99.528,99.528,100]},{"i":{"x":[0.833,0.833,0.833],"y":[0.857,0.857,1]},"o":{"x":[0.167,0.167,0.167],"y":[0.192,0.192,0]},"t":86,"s":[99.863,99.863,100]},{"i":{"x":[0.833,0.833,0.833],"y":[0.863,0.863,1]},"o":{"x":[0.167,0.167,0.167],"y":[0.2,0.2,0]},"t":87,"s":[100.118,100.118,100]},{"i":{"x":[0.833,0.833,0.833],"y":[0.872,0.872,1]},"o":{"x":[0.167,0.167,0.167],"y":[0.212,0.212,0]},"t":88,"s":[100.301,100.301,100]},{"i":{"x":[0.833,0.833,0.833],"y":[0.891,0.891,1]},"o":{"x":[0.167,0.167,0.167],"y":[0.238,0.238,0]},"t":89,"s":[100.419,100.419,100]},{"i":{"x":[0.833,0.833,0.833],"y":[0.977,0.977,1]},"o":{"x":[0.167,0.167,0.167],"y":[0.354,0.354,0]},"t":90,"s":[100.482,100.482,100]},{"i":{"x":[0.833,0.833,0.833],"y":[0.69,0.69,1]},"o":{"x":[0.167,0.167,0.167],"y":[-0.033,-0.033,0]},"t":91,"s":[100.502,100.502,100]},{"i":{"x":[0.833,0.833,0.833],"y":[0.799,0.799,1]},"o":{"x":[0.167,0.167,0.167],"y":[0.114,0.114,0]},"t":92,"s":[100.488,100.488,100]},{"i":{"x":[0.833,0.833,0.833],"y":[0.82,0.82,1]},"o":{"x":[0.167,0.167,0.167],"y":[0.142,0.142,0]},"t":93,"s":[100.45,100.45,100]},{"i":{"x":[0.833,0.833,0.833],"y":[0.83,0.83,1]},"o":{"x":[0.167,0.167,0.167],"y":[0.155,0.155,0]},"t":94,"s":[100.396,100.396,100]},{"i":{"x":[0.833,0.833,0.833],"y":[0.835,0.835,1]},"o":{"x":[0.167,0.167,0.167],"y":[0.163,0.163,0]},"t":95,"s":[100.333,100.333,100]},{"i":{"x":[0.833,0.833,0.833],"y":[0.84,0.84,1]},"o":{"x":[0.167,0.167,0.167],"y":[0.169,0.169,0]},"t":96,"s":[100.268,100.268,100]},{"i":{"x":[0.833,0.833,0.833],"y":[0.843,0.843,1]},"o":{"x":[0.167,0.167,0.167],"y":[0.174,0.174,0]},"t":97,"s":[100.204,100.204,100]},{"i":{"x":[0.833,0.833,0.833],"y":[0.846,0.846,1]},"o":{"x":[0.167,0.167,0.167],"y":[0.178,0.178,0]},"t":98,"s":[100.145,100.145,100]},{"i":{"x":[0.833,0.833,0.833],"y":[0.85,0.85,1]},"o":{"x":[0.167,0.167,0.167],"y":[0.182,0.182,0]},"t":99,"s":[100.093,100.093,100]},{"i":{"x":[0.833,0.833,0.833],"y":[0.853,0.853,1]},"o":{"x":[0.167,0.167,0.167],"y":[0.187,0.187,0]},"t":100,"s":[100.05,100.05,100]},{"i":{"x":[0.833,0.833,0.833],"y":[0.857,0.857,1]},"o":{"x":[0.167,0.167,0.167],"y":[0.192,0.192,0]},"t":101,"s":[100.014,100.014,100]},{"i":{"x":[0.833,0.833,0.833],"y":[0.863,0.863,1]},"o":{"x":[0.167,0.167,0.167],"y":[0.2,0.2,0]},"t":102,"s":[99.988,99.988,100]},{"i":{"x":[0.833,0.833,0.833],"y":[0.872,0.872,1]},"o":{"x":[0.167,0.167,0.167],"y":[0.212,0.212,0]},"t":103,"s":[99.968,99.968,100]},{"i":{"x":[0.833,0.833,0.833],"y":[0.891,0.891,1]},"o":{"x":[0.167,0.167,0.167],"y":[0.238,0.238,0]},"t":104,"s":[99.956,99.956,100]},{"i":{"x":[0.833,0.833,0.833],"y":[0.977,0.977,1]},"o":{"x":[0.167,0.167,0.167],"y":[0.354,0.354,0]},"t":105,"s":[99.949,99.949,100]},{"i":{"x":[0.833,0.833,0.833],"y":[0.69,0.69,1]},"o":{"x":[0.167,0.167,0.167],"y":[-0.033,-0.033,0]},"t":106,"s":[99.947,99.947,100]},{"i":{"x":[0.833,0.833,0.833],"y":[0.799,0.799,1]},"o":{"x":[0.167,0.167,0.167],"y":[0.114,0.114,0]},"t":107,"s":[99.949,99.949,100]},{"i":{"x":[0.833,0.833,0.833],"y":[0.82,0.82,1]},"o":{"x":[0.167,0.167,0.167],"y":[0.142,0.142,0]},"t":108,"s":[99.953,99.953,100]},{"i":{"x":[0.833,0.833,0.833],"y":[0.83,0.83,1]},"o":{"x":[0.167,0.167,0.167],"y":[0.155,0.155,0]},"t":109,"s":[99.958,99.958,100]},{"i":{"x":[0.833,0.833,0.833],"y":[0.835,0.835,1]},"o":{"x":[0.167,0.167,0.167],"y":[0.163,0.163,0]},"t":110,"s":[99.965,99.965,100]},{"i":{"x":[0.833,0.833,0.833],"y":[0.84,0.84,1]},"o":{"x":[0.167,0.167,0.167],"y":[0.169,0.169,0]},"t":111,"s":[99.972,99.972,100]},{"i":{"x":[0.833,0.833,0.833],"y":[0.843,0.843,1]},"o":{"x":[0.167,0.167,0.167],"y":[0.174,0.174,0]},"t":112,"s":[99.978,99.978,100]},{"i":{"x":[0.833,0.833,0.833],"y":[0.846,0.846,1]},"o":{"x":[0.167,0.167,0.167],"y":[0.178,0.178,0]},"t":113,"s":[99.985,99.985,100]},{"i":{"x":[0.833,0.833,0.833],"y":[0.85,0.85,1]},"o":{"x":[0.167,0.167,0.167],"y":[0.182,0.182,0]},"t":114,"s":[99.99,99.99,100]},{"i":{"x":[0.833,0.833,0.833],"y":[0.853,0.853,1]},"o":{"x":[0.167,0.167,0.167],"y":[0.187,0.187,0]},"t":115,"s":[99.995,99.995,100]},{"i":{"x":[0.833,0.833,0.833],"y":[0.857,0.857,1]},"o":{"x":[0.167,0.167,0.167],"y":[0.192,0.192,0]},"t":116,"s":[99.998,99.998,100]},{"i":{"x":[0.833,0.833,0.833],"y":[0.863,0.863,1]},"o":{"x":[0.167,0.167,0.167],"y":[0.2,0.2,0]},"t":117,"s":[100.001,100.001,100]},{"i":{"x":[0.833,0.833,0.833],"y":[0.833,0.833,1]},"o":{"x":[0.167,0.167,0.167],"y":[0.212,0.212,0]},"t":118,"s":[100.003,100.003,100]},{"t":119,"s":[100.005,100.005,100]}],"ix":6,"l":2}},"ao":0,"shapes":[{"ty":"gr","it":[{"ind":0,"ty":"sh","ix":1,"ks":{"a":0,"k":{"i":[[0,0],[0,0]],"o":[[0,0],[0,0]],"v":[[6.294,-6.294],[-6.294,6.294]],"c":false},"ix":2},"nm":"Path 1","mn":"ADBE Vector Shape - Group","hd":false},{"ty":"st","c":{"a":0,"k":[0,0,0],"ix":3},"o":{"a":0,"k":100,"ix":4},"w":{"a":0,"k":0.9199999999999999,"ix":5},"lc":2,"lj":2,"bm":0,"nm":"Stroke 1","mn":"ADBE Vector Graphic - Stroke","hd":false},{"ty":"tr","p":{"a":0,"k":[32.047,24.068],"ix":2},"a":{"a":0,"k":[0,0],"ix":1},"s":{"a":0,"k":[100,100],"ix":3},"r":{"a":0,"k":0,"ix":6},"o":{"a":0,"k":100,"ix":7},"sk":{"a":0,"k":0,"ix":4},"sa":{"a":0,"k":0,"ix":5},"nm":"Transform"}],"nm":"Group 1","np":2,"cix":2,"bm":0,"ix":1,"mn":"ADBE Vector Group","hd":false},{"ty":"gr","it":[{"ind":0,"ty":"sh","ix":1,"ks":{"a":0,"k":{"i":[[0,4.92],[-4.92,0],[0,-4.92],[4.92,0]],"o":[[0,-4.92],[4.92,0],[0,4.92],[-4.92,0]],"v":[[-8.909,0],[0,-8.909],[8.909,0],[0,8.909]],"c":true},"ix":2},"nm":"Path 1","mn":"ADBE Vector Shape - Group","hd":false},{"ty":"st","c":{"a":0,"k":[0,0,0],"ix":3},"o":{"a":0,"k":100,"ix":4},"w":{"a":0,"k":0.9199999999999999,"ix":5},"lc":2,"lj":2,"bm":0,"nm":"Stroke 1","mn":"ADBE Vector Graphic - Stroke","hd":false},{"ty":"fl","c":{"a":0,"k":[1,1,1],"ix":4},"o":{"a":0,"k":100,"ix":5},"r":1,"bm":0,"nm":"Fill 1","mn":"ADBE Vector Graphic - Fill","hd":false},{"ty":"tr","p":{"a":0,"k":[32.175,24.197],"ix":2},"a":{"a":0,"k":[0,0],"ix":1},"s":{"a":0,"k":[100,100],"ix":3},"r":{"a":0,"k":0,"ix":6},"o":{"a":0,"k":100,"ix":7},"sk":{"a":0,"k":0,"ix":4},"sa":{"a":0,"k":0,"ix":5},"nm":"Transform"}],"nm":"Group 2","np":3,"cix":2,"bm":0,"ix":2,"mn":"ADBE Vector Group","hd":false}],"ip":0,"op":120,"st":0,"ct":1,"bm":0},{"ddd":0,"ind":2,"ty":4,"nm":"Nodata-outline-bot_s1g1_s2g2_s3g1_s4g1_background Outlines","sr":1,"ks":{"o":{"a":0,"k":100,"ix":11},"r":{"a":0,"k":0,"ix":10},"p":{"a":0,"k":[24,24,0],"ix":2,"l":2},"a":{"a":0,"k":[24,24,0],"ix":1,"l":2},"s":{"a":0,"k":[100,100,100],"ix":6,"l":2}},"ao":0,"shapes":[{"ty":"gr","it":[{"ind":0,"ty":"sh","ix":1,"ks":{"a":0,"k":{"i":[[0,0],[0,0]],"o":[[0,0],[0,0]],"v":[[11.384,32.869],[11.847,32.869]],"c":false},"ix":2},"nm":"Path 1","mn":"ADBE Vector Shape - Group","hd":false},{"ty":"st","c":{"a":0,"k":[0.3254901960784314,0.42745098039215684,0.996078431372549],"ix":3},"o":{"a":0,"k":100,"ix":4},"w":{"a":0,"k":0.9199999999999999,"ix":5},"lc":2,"lj":2,"bm":0,"nm":"Stroke 1","mn":"ADBE Vector Graphic - Stroke","hd":false},{"ty":"tr","p":{"a":0,"k":[0,0],"ix":2},"a":{"a":0,"k":[0,0],"ix":1},"s":{"a":0,"k":[100,100],"ix":3},"r":{"a":0,"k":0,"ix":6},"o":{"a":1,"k":[{"i":{"x":[0.667],"y":[1]},"o":{"x":[0.333],"y":[0]},"t":0,"s":[100]},{"i":{"x":[0.667],"y":[1]},"o":{"x":[0.333],"y":[0]},"t":10,"s":[0]},{"i":{"x":[0.667],"y":[1]},"o":{"x":[0.333],"y":[0]},"t":20,"s":[100]},{"i":{"x":[0.667],"y":[1]},"o":{"x":[0.333],"y":[0]},"t":30,"s":[0]},{"i":{"x":[0.667],"y":[1]},"o":{"x":[0.333],"y":[0]},"t":40,"s":[100]},{"i":{"x":[0.667],"y":[1]},"o":{"x":[0.333],"y":[0]},"t":50,"s":[0]},{"i":{"x":[0.667],"y":[1]},"o":{"x":[0.333],"y":[0]},"t":60,"s":[100]},{"i":{"x":[0.667],"y":[1]},"o":{"x":[0.333],"y":[0]},"t":70,"s":[0]},{"t":80,"s":[100]}],"ix":7},"sk":{"a":0,"k":0,"ix":4},"sa":{"a":0,"k":0,"ix":5},"nm":"Transform"}],"nm":"Group 1","np":2,"cix":2,"bm":0,"ix":1,"mn":"ADBE Vector Group","hd":false},{"ty":"gr","it":[{"ind":0,"ty":"sh","ix":1,"ks":{"a":1,"k":[{"i":{"x":0.667,"y":1},"o":{"x":0.333,"y":0},"t":0,"s":[{"i":[[0,0],[0,0]],"o":[[0,0],[0,0]],"v":[[16.018,32.869],[17.997,32.869]],"c":false}]},{"i":{"x":0.667,"y":1},"o":{"x":0.333,"y":0},"t":20,"s":[{"i":[[0,0],[0,0]],"o":[[0,0],[0,0]],"v":[[16.018,32.869],[20.184,32.863]],"c":false}]},{"t":40,"s":[{"i":[[0,0],[0,0]],"o":[[0,0],[0,0]],"v":[[16.018,32.869],[17.997,32.869]],"c":false}]}],"ix":2},"nm":"Path 1","mn":"ADBE Vector Shape - Group","hd":false},{"ty":"st","c":{"a":0,"k":[0.3254901960784314,0.42745098039215684,0.996078431372549],"ix":3},"o":{"a":0,"k":100,"ix":4},"w":{"a":0,"k":0.9199999999999999,"ix":5},"lc":2,"lj":2,"bm":0,"nm":"Stroke 1","mn":"ADBE Vector Graphic - Stroke","hd":false},{"ty":"tr","p":{"a":0,"k":[0,0],"ix":2},"a":{"a":0,"k":[0,0],"ix":1},"s":{"a":0,"k":[100,100],"ix":3},"r":{"a":0,"k":0,"ix":6},"o":{"a":0,"k":100,"ix":7},"sk":{"a":0,"k":0,"ix":4},"sa":{"a":0,"k":0,"ix":5},"nm":"Transform"}],"nm":"Group 2","np":2,"cix":2,"bm":0,"ix":2,"mn":"ADBE Vector Group","hd":false},{"ty":"gr","it":[{"ind":0,"ty":"sh","ix":1,"ks":{"a":0,"k":{"i":[[1.749,0],[0,0],[0,1.749],[0,0],[-1.749,0],[0,0],[0,-1.749],[0,0]],"o":[[0,0],[-1.749,0],[0,0],[0,-1.749],[0,0],[1.749,0],[0,0],[0,1.749]],"v":[[9.992,4.435],[-9.992,4.435],[-13.159,1.268],[-13.159,-1.268],[-9.992,-4.434],[9.992,-4.434],[13.159,-1.268],[13.159,1.268]],"c":true},"ix":2},"nm":"Path 1","mn":"ADBE Vector Shape - Group","hd":false},{"ty":"st","c":{"a":0,"k":[0.3254901960784314,0.42745098039215684,0.996078431372549],"ix":3},"o":{"a":0,"k":100,"ix":4},"w":{"a":0,"k":0.9199999999999999,"ix":5},"lc":2,"lj":2,"bm":0,"nm":"Stroke 1","mn":"ADBE Vector Graphic - Stroke","hd":false},{"ty":"fl","c":{"a":0,"k":[1,1,1],"ix":4},"o":{"a":0,"k":100,"ix":5},"r":1,"bm":0,"nm":"Fill 1","mn":"ADBE Vector Graphic - Fill","hd":false},{"ty":"tr","p":{"a":0,"k":[20.075,32.869],"ix":2},"a":{"a":0,"k":[0,0],"ix":1},"s":{"a":0,"k":[100,100],"ix":3},"r":{"a":0,"k":0,"ix":6},"o":{"a":0,"k":100,"ix":7},"sk":{"a":0,"k":0,"ix":4},"sa":{"a":0,"k":0,"ix":5},"nm":"Transform"}],"nm":"Group 3","np":3,"cix":2,"bm":0,"ix":3,"mn":"ADBE Vector Group","hd":false},{"ty":"gr","it":[{"ind":0,"ty":"sh","ix":1,"ks":{"a":0,"k":{"i":[[0,0],[0,0]],"o":[[0,0],[0,0]],"v":[[11.384,24],[11.847,24]],"c":false},"ix":2},"nm":"Path 1","mn":"ADBE Vector Shape - Group","hd":false},{"ty":"st","c":{"a":0,"k":[0.3254901960784314,0.42745098039215684,0.996078431372549],"ix":3},"o":{"a":0,"k":100,"ix":4},"w":{"a":0,"k":0.9199999999999999,"ix":5},"lc":2,"lj":2,"bm":0,"nm":"Stroke 1","mn":"ADBE Vector Graphic - Stroke","hd":false},{"ty":"tr","p":{"a":0,"k":[0,0],"ix":2},"a":{"a":0,"k":[0,0],"ix":1},"s":{"a":0,"k":[100,100],"ix":3},"r":{"a":0,"k":0,"ix":6},"o":{"a":1,"k":[{"i":{"x":[0.667],"y":[1]},"o":{"x":[0.333],"y":[0]},"t":20,"s":[100]},{"i":{"x":[0.667],"y":[1]},"o":{"x":[0.333],"y":[0]},"t":30,"s":[0]},{"i":{"x":[0.667],"y":[1]},"o":{"x":[0.333],"y":[0]},"t":40,"s":[100]},{"i":{"x":[0.667],"y":[1]},"o":{"x":[0.333],"y":[0]},"t":50,"s":[0]},{"i":{"x":[0.667],"y":[1]},"o":{"x":[0.333],"y":[0]},"t":60,"s":[100]},{"i":{"x":[0.667],"y":[1]},"o":{"x":[0.333],"y":[0]},"t":70,"s":[0]},{"i":{"x":[0.667],"y":[1]},"o":{"x":[0.333],"y":[0]},"t":80,"s":[100]},{"i":{"x":[0.667],"y":[1]},"o":{"x":[0.333],"y":[0]},"t":90,"s":[0]},{"t":100,"s":[100]}],"ix":7},"sk":{"a":0,"k":0,"ix":4},"sa":{"a":0,"k":0,"ix":5},"nm":"Transform"}],"nm":"Group 4","np":2,"cix":2,"bm":0,"ix":4,"mn":"ADBE Vector Group","hd":false},{"ty":"gr","it":[{"ind":0,"ty":"sh","ix":1,"ks":{"a":1,"k":[{"i":{"x":0.667,"y":1},"o":{"x":0.333,"y":0},"t":20,"s":[{"i":[[0,0],[0,0]],"o":[[0,0],[0,0]],"v":[[16.018,24],[17.997,24]],"c":false}]},{"i":{"x":0.667,"y":1},"o":{"x":0.333,"y":0},"t":40,"s":[{"i":[[0,0],[0,0]],"o":[[0,0],[0,0]],"v":[[16.018,24],[20.184,24]],"c":false}]},{"t":60,"s":[{"i":[[0,0],[0,0]],"o":[[0,0],[0,0]],"v":[[16.018,24],[17.997,24]],"c":false}]}],"ix":2},"nm":"Path 1","mn":"ADBE Vector Shape - Group","hd":false},{"ty":"st","c":{"a":0,"k":[0.3254901960784314,0.42745098039215684,0.996078431372549],"ix":3},"o":{"a":0,"k":100,"ix":4},"w":{"a":0,"k":0.9199999999999999,"ix":5},"lc":2,"lj":2,"bm":0,"nm":"Stroke 1","mn":"ADBE Vector Graphic - Stroke","hd":false},{"ty":"tr","p":{"a":0,"k":[0,0],"ix":2},"a":{"a":0,"k":[0,0],"ix":1},"s":{"a":0,"k":[100,100],"ix":3},"r":{"a":0,"k":0,"ix":6},"o":{"a":0,"k":100,"ix":7},"sk":{"a":0,"k":0,"ix":4},"sa":{"a":0,"k":0,"ix":5},"nm":"Transform"}],"nm":"Group 5","np":2,"cix":2,"bm":0,"ix":5,"mn":"ADBE Vector Group","hd":false},{"ty":"gr","it":[{"ind":0,"ty":"sh","ix":1,"ks":{"a":0,"k":{"i":[[1.749,0],[0,0],[0,1.749],[0,0],[-1.749,0],[0,0],[0,-1.749],[0,0]],"o":[[0,0],[-1.749,0],[0,0],[0,-1.749],[0,0],[1.749,0],[0,0],[0,1.749]],"v":[[9.992,4.434],[-9.992,4.434],[-13.159,1.268],[-13.159,-1.268],[-9.992,-4.434],[9.992,-4.434],[13.159,-1.268],[13.159,1.268]],"c":true},"ix":2},"nm":"Path 1","mn":"ADBE Vector Shape - Group","hd":false},{"ty":"st","c":{"a":0,"k":[0.3254901960784314,0.42745098039215684,0.996078431372549],"ix":3},"o":{"a":0,"k":100,"ix":4},"w":{"a":0,"k":0.9199999999999999,"ix":5},"lc":2,"lj":2,"bm":0,"nm":"Stroke 1","mn":"ADBE Vector Graphic - Stroke","hd":false},{"ty":"fl","c":{"a":0,"k":[1,1,1],"ix":4},"o":{"a":0,"k":100,"ix":5},"r":1,"bm":0,"nm":"Fill 1","mn":"ADBE Vector Graphic - Fill","hd":false},{"ty":"tr","p":{"a":0,"k":[20.075,24],"ix":2},"a":{"a":0,"k":[0,0],"ix":1},"s":{"a":0,"k":[100,100],"ix":3},"r":{"a":0,"k":0,"ix":6},"o":{"a":0,"k":100,"ix":7},"sk":{"a":0,"k":0,"ix":4},"sa":{"a":0,"k":0,"ix":5},"nm":"Transform"}],"nm":"Group 6","np":3,"cix":2,"bm":0,"ix":6,"mn":"ADBE Vector Group","hd":false},{"ty":"gr","it":[{"ind":0,"ty":"sh","ix":1,"ks":{"a":0,"k":{"i":[[0,0],[0,0]],"o":[[0,0],[0,0]],"v":[[11.384,15.131],[11.847,15.131]],"c":false},"ix":2},"nm":"Path 1","mn":"ADBE Vector Shape - Group","hd":false},{"ty":"st","c":{"a":0,"k":[0.3254901960784314,0.42745098039215684,0.996078431372549],"ix":3},"o":{"a":0,"k":100,"ix":4},"w":{"a":0,"k":0.9199999999999999,"ix":5},"lc":2,"lj":2,"bm":0,"nm":"Stroke 1","mn":"ADBE Vector Graphic - Stroke","hd":false},{"ty":"tr","p":{"a":0,"k":[0,0],"ix":2},"a":{"a":0,"k":[0,0],"ix":1},"s":{"a":0,"k":[100,100],"ix":3},"r":{"a":0,"k":0,"ix":6},"o":{"a":1,"k":[{"i":{"x":[0.667],"y":[1]},"o":{"x":[0.333],"y":[0]},"t":30,"s":[100]},{"i":{"x":[0.667],"y":[1]},"o":{"x":[0.333],"y":[0]},"t":40,"s":[0]},{"i":{"x":[0.667],"y":[1]},"o":{"x":[0.333],"y":[0]},"t":50,"s":[100]},{"i":{"x":[0.667],"y":[1]},"o":{"x":[0.333],"y":[0]},"t":60,"s":[0]},{"i":{"x":[0.667],"y":[1]},"o":{"x":[0.333],"y":[0]},"t":70,"s":[100]},{"i":{"x":[0.667],"y":[1]},"o":{"x":[0.333],"y":[0]},"t":80,"s":[0]},{"i":{"x":[0.667],"y":[1]},"o":{"x":[0.333],"y":[0]},"t":90,"s":[100]},{"i":{"x":[0.667],"y":[1]},"o":{"x":[0.333],"y":[0]},"t":100,"s":[0]},{"t":110,"s":[100]}],"ix":7},"sk":{"a":0,"k":0,"ix":4},"sa":{"a":0,"k":0,"ix":5},"nm":"Transform"}],"nm":"Group 7","np":2,"cix":2,"bm":0,"ix":7,"mn":"ADBE Vector Group","hd":false},{"ty":"gr","it":[{"ind":0,"ty":"sh","ix":1,"ks":{"a":1,"k":[{"i":{"x":0.667,"y":1},"o":{"x":0.333,"y":0},"t":40,"s":[{"i":[[0,0],[0,0]],"o":[[0,0],[0,0]],"v":[[16.018,15.131],[17.997,15.131]],"c":false}]},{"i":{"x":0.667,"y":1},"o":{"x":0.333,"y":0},"t":60,"s":[{"i":[[0,0],[0,0]],"o":[[0,0],[0,0]],"v":[[16.018,15.131],[19.747,15.137]],"c":false}]},{"t":79,"s":[{"i":[[0,0],[0,0]],"o":[[0,0],[0,0]],"v":[[16.018,15.131],[17.997,15.131]],"c":false}]}],"ix":2},"nm":"Path 1","mn":"ADBE Vector Shape - Group","hd":false},{"ty":"st","c":{"a":0,"k":[0.3254901960784314,0.42745098039215684,0.996078431372549],"ix":3},"o":{"a":0,"k":100,"ix":4},"w":{"a":0,"k":0.9199999999999999,"ix":5},"lc":2,"lj":2,"bm":0,"nm":"Stroke 1","mn":"ADBE Vector Graphic - Stroke","hd":false},{"ty":"tr","p":{"a":0,"k":[0,0],"ix":2},"a":{"a":0,"k":[0,0],"ix":1},"s":{"a":0,"k":[100,100],"ix":3},"r":{"a":0,"k":0,"ix":6},"o":{"a":0,"k":100,"ix":7},"sk":{"a":0,"k":0,"ix":4},"sa":{"a":0,"k":0,"ix":5},"nm":"Transform"}],"nm":"Group 8","np":2,"cix":2,"bm":0,"ix":8,"mn":"ADBE Vector Group","hd":false},{"ty":"gr","it":[{"ind":0,"ty":"sh","ix":1,"ks":{"a":0,"k":{"i":[[1.749,0],[0,0],[0,1.749],[0,0],[-1.749,0],[0,0],[0,-1.749],[0,0]],"o":[[0,0],[-1.749,0],[0,0],[0,-1.749],[0,0],[1.749,0],[0,0],[0,1.749]],"v":[[9.992,4.434],[-9.992,4.434],[-13.159,1.268],[-13.159,-1.268],[-9.992,-4.434],[9.992,-4.434],[13.159,-1.268],[13.159,1.268]],"c":true},"ix":2},"nm":"Path 1","mn":"ADBE Vector Shape - Group","hd":false},{"ty":"st","c":{"a":0,"k":[0.3254901960784314,0.42745098039215684,0.996078431372549],"ix":3},"o":{"a":0,"k":100,"ix":4},"w":{"a":0,"k":0.9199999999999999,"ix":5},"lc":2,"lj":2,"bm":0,"nm":"Stroke 1","mn":"ADBE Vector Graphic - Stroke","hd":false},{"ty":"fl","c":{"a":0,"k":[1,1,1],"ix":4},"o":{"a":0,"k":100,"ix":5},"r":1,"bm":0,"nm":"Fill 1","mn":"ADBE Vector Graphic - Fill","hd":false},{"ty":"tr","p":{"a":0,"k":[20.075,15.131],"ix":2},"a":{"a":0,"k":[0,0],"ix":1},"s":{"a":0,"k":[100,100],"ix":3},"r":{"a":0,"k":0,"ix":6},"o":{"a":0,"k":100,"ix":7},"sk":{"a":0,"k":0,"ix":4},"sa":{"a":0,"k":0,"ix":5},"nm":"Transform"}],"nm":"Group 9","np":3,"cix":2,"bm":0,"ix":9,"mn":"ADBE Vector Group","hd":false}],"ip":0,"op":120,"st":0,"ct":1,"bm":0}],"markers":[],"props":{}}