{"assets/fonts/KantumruyPro.ttf":["assets/fonts/KantumruyPro.ttf"],"assets/gif/Empty Gif.gif":["assets/gif/Empty Gif.gif"],"assets/ico/app_icon.ico":["assets/ico/app_icon.ico"],"assets/json/Empty Icon.json":["assets/json/Empty Icon.json"],"assets/png/App Icon.png":["assets/png/App Icon.png"],"assets/svg/Budgets Icon.svg":["assets/svg/Budgets Icon.svg"],"assets/svg/Category Icon.svg":["assets/svg/Category Icon.svg"],"assets/svg/Check Icon.svg":["assets/svg/Check Icon.svg"],"assets/svg/Empty Data Icon.svg":["assets/svg/Empty Data Icon.svg"],"assets/svg/Empty Icon.svg":["assets/svg/Empty Icon.svg"],"assets/svg/Graph Icon.svg":["assets/svg/Graph Icon.svg"],"assets/svg/Group Icon.svg":["assets/svg/Group Icon.svg"],"assets/svg/Home Icon.svg":["assets/svg/Home Icon.svg"],"assets/svg/Logo Icon.svg":["assets/svg/Logo Icon.svg"],"assets/svg/Menu Icon.svg":["assets/svg/Menu Icon.svg"],"assets/svg/Notification Icon.svg":["assets/svg/Notification Icon.svg"],"assets/svg/Recurring Payment Icon.svg":["assets/svg/Recurring Payment Icon.svg"],"assets/svg/Search Icon.svg":["assets/svg/Search Icon.svg"],"assets/svg/Setting Icon.svg":["assets/svg/Setting Icon.svg"],"assets/svg/Sort Icon.svg":["assets/svg/Sort Icon.svg"],"assets/svg/Transaction Icon.svg":["assets/svg/Transaction Icon.svg"],"packages/flex_color_picker/assets/opacity.png":["packages/flex_color_picker/assets/opacity.png"]}